{
    "Food": "https://ychef.files.bbci.co.uk/976x549/p04tx3m6.jpg",
    "Health": "https://www2.deloitte.com/content/dam/Deloitte/global/Images/promo_images/gx-lshc-hc-outlook-2018-p.jpg",
    "Beauty": "https://ksassets.timeincuk.net/wp/uploads/sites/46/2021/06/GettyImages-1249466095-1-920x518.jpg",
    "Clothes": "https://images.theconversation.com/files/293774/original/file-20190924-54793-157i3zo.jpg?ixlib=rb-1.1.0&q=45&auto=format&w=1200&h=1200.0&fit=crop",
    "Furtniture": "https://hips.hearstapps.com/hmg-prod.s3.amazonaws.com/images/amazon-rivet-furniture-1533048038.jpg?crop=1.00xw:0.502xh;0,0.423xh&resize=1200:*",
    "Daily_Items": "https://mainland-trade.com/wp-content/uploads/2019/06/1-7-4.jpg",
    "Appliances": "https://femina.wwmindia.com/content/2020/aug/home54974166xl1597319530.jpg",
    "Books": "https://hips.hearstapps.com/hmg-prod/images/old-books-arranged-on-shelf-royalty-free-image-1572384534.jpg",
    "Beverages": "https://www.packagingdigest.com/sites/packagingdigest.com/files/AdobeStock_279692163_Editorial_Use_Only-Beverage-FTR-new.jpg",
    "Ready To Eat": "https://www.readytoeat.com/wp-content/uploads/2021/02/01.png",
    "Electronics": "https://ecommerce.ccc2020.fr/wp-content/uploads/2020/10/electronic-gadgets.jpeg",
    "Sports Equipment": "https://www.tuv.com/content-media-files/master-content/services/products/0169-tuv-rheinland-recreation-and-sports-equipment/tuv-rheinland-recreation-and-sports-equipment.jpg",
    "Heavy Duty Equipment": "https://5.imimg.com/data5/IT/BR/SQ/SELLER-9532271/diesel-gensets-500x500.png",
    "Cleaning": "https://www.verywellmind.com/thmb/P6Ld1Mq1P6_Ov_bcCLqApSL2eS0=/500x350/filters:no_upscale():max_bytes(150000):strip_icc()/GettyImages-12137618091-66fe46a7b3114c92be86520fb83ce31f.jpg",
    "Office Supplies and Stationary": "https://5.imimg.com/data5/IG/AV/XG/SELLER-53480784/office-stationery-products-500x500.png",
    "Medical Supplies": "https://media.istockphoto.com/vectors/first-aid-kit-vector-id477979784?k=20&m=477979784&s=612x612&w=0&h=CU57K_ADbmka9HoXxvpg2ODYSGfFIlp2jnZe42NS8tc="
    
}