{
    "Amul Milk": "https://i0.wp.com/urmart.in/wp-content/uploads/2021/06/amul-1-ltr.png?fit=500%2C500&ssl=1",
    "Amul Ghee": "https://www.bigbasket.com/media/uploads/p/xxl/40046233_4-amul-amul-ghee-2-l.jpg",
    "London Dairy Milk": "https://images.immediate.co.uk/production/volatile/sites/30/2020/02/Glass-and-bottle-of-milk-fe0997a.jpg?quality=90&resize=960,872",
    "Britannia Biscuit": "https://newassets.apollo247.com/pub/media/catalog/product/b/r/bri0137.jpg",
    "Britannia Bread": "https://www.bigbasket.com/media/uploads/p/xxl/40091805_2-britannia-atta-bread.jpg",
    "Nestle Maggie": "https://rukminim1.flixcart.com/image/416/416/ki3gknk0/noodle/z/l/u/840-maggie-masala-noodles-12-instant-noodles-nestle-original-imafxym3qfnvhksa.jpeg?q=70",
    "Nestle Chocolate": "https://www.bigbasket.com/media/uploads/p/xxl/40018533-2_6-nestle-classic-milk-chocolate-candy.jpg",
    "Kelloggs Corn Flakes": "https://m.media-amazon.com/images/I/71zxrXSc3+L._SL1500_.jpg",
    "Kelloggs Chocos": "https://www.jiomart.com/images/product/600x600/490005266/kellogg-s-chocos-375-g-product-images-o490005266-p490005266-0-202203170400.jpg",
    "FitBit Watch": "https://www.fitbit.com/global/content/dam/fitbit/global/pdp/devices/sense/hero-static/sage-grey/sense-sage-gray-device-3qt.png",
    "Amway Cream": "https://media.amway.in/sys-master/images/hf2/hf8/8816912695326/EIA.w600.h600.265598ID_1.jpg",
    "Amway Supplements": "https://media.amway.in/sys-master/images/haf/h14/8816689709086/EIA.w600.h600.120398ID_1.jpg",
    "Amway Toothpaste": "https://5.imimg.com/data5/HR/GH/IE/SELLER-4707227/190-gm-glister-toothpaste-500x500.jpg",
    "Loreal Shampoo": "https://www.jiomart.com/images/product/600x600/590148266/loreal-paris-dream-lengths-restoring-shampoo-396-ml-0-20210325.jpg",
    "Loreal Shaving Cream": "https://m.media-amazon.com/images/I/61xykR93sjL._SL1500_.jpg",
    "Loreal Conditioner": "https://www.bigbasket.com/media/uploads/p/l/40147976_8-loreal-paris-fall-resist-3x-anti-hairfall-conditioner.jpg",
    "Nivea Cream": "https://m.media-amazon.com/images/I/61ZtSzfxX3L._SL1500_.jpg",
    "Nivea Shaving cream": "https://images-us.nivea.com/-/media/media-center-items/0/4/1/96bead7d20ab4d70a76891dd0fa4ae57-web_1010x1180_transparent_png.png",
    "Gillette Shaving Cream": "https://m.media-amazon.com/images/I/51lKNKuqJjL._SL1500_.jpg",
    "Dove Soap": "https://m.media-amazon.com/images/I/51uJNU2XbyL._SX679_PIbundle-5,TopRight,0,0_SX679SY453SH20_.jpg",
    "Adidas Shoes": "https://assets.adidas.com/images/w_600,f_auto,q_auto/c7227d99699243099c24ac5e00406c2c_9366/Forum_Mid_Shoes_White_FY4976_01_standard.jpg",
    "Adidas Football": "https://rukminim2.flixcart.com/image/416/416/ball/r/f/h/s12241-5-390-1-adidas-football-tango-glider-original-imaemfn8vmje8jzf.jpeg?q=70",
    "Adidas Bag": "https://assets.adidas.com/images/w_383,h_383,f_auto,q_auto,fl_lossy,c_fill,g_auto/b1e53e21ffb2458cb6e5adb800a097c0_9366/clsc-bos-3s-bp.jpg",
    "Nike T-shirt": "https://static.turbosquid.com/Preview/2017/02/03__12_34_22/Nike_tShirt.jpgE341C7DC-4769-4BE0-9827-AF0F6A3D7C12Large.jpg",
    "Nike Shoes": "https://static.nike.com/a/images/t_PDP_1280_v1/f_auto,q_auto:eco/qwqfyddzikcgc4ozwigp/revolution-5-road-running-shoes-szF7CS.png",
    "Puma Shoes": "https://images.puma.com/image/upload/f_auto,q_auto,b_rgb:fafafa,w_2000,h_2000/global/194531/01/sv01/fnd/IND/fmt/png/Leader-VT-Tech-Running-Shoes",
    "Gap T-shirt": "https://www.differenta.com/media/produkty/82081/gap-blue-men-s-t-shirt-with-logo_g-513858-02-E.jpg",
    "Gap Shirt": "https://www.gap.com/webcontent/0015/618/926/cn15618926.jpg",
    "Coca-Cola Coke": "https://m.media-amazon.com/images/I/71OhN3v9JTL._SL1500_.jpg",
    "Coca-Cola Sprite": "https://www.jiomart.com/images/product/600x600/491126479/sprite-1-75-l-product-images-o491126479-p491126479-0-202203151146.jpg",
    "Dabur Honey": "https://newassets.apollo247.com/pub/media/catalog/product/d/a/dab0436_5.jpg",
    "PepsiCo Pepsi": "https://www.jiomart.com/images/product/original/490916734/pepsi-250-ml-can-product-images-o490916734-p490916734-0-202203150107.jpg",
    "Samsung TV": "https://www.cnet.com/a/img/resize/727e8a341f34f531e5adb848085a8c8499200e6d/2021/02/10/254a3d49-5427-482d-b20d-468dcf6e2bbd/samsung-qled.jpg?auto=webp&fit=crop&height=614&width=1092",
    "Samsung Fridge": "https://img.us.news.samsung.com/us/wp-content/uploads/2018/01/14112220/180108_FH_AKG-Speaker_Full-Shot_w_homescreen_rgb_04.jpg",
    "Samsung Galaxy S22": "https://media.wired.com/photos/6202b99c2c286ef2d70b5b0a/3:4/w_1350,h_1800,c_limit/Gear-Samsung-Galaxy-S22-Ultra.jpg",
    "Samsung Air Conditioner": "https://m.media-amazon.com/images/I/71Lh9vPT66L._SL1500_.jpg",
    "LG TV": "https://www.lg.com/us/images/tvs/md07521505/gallery/desktop-01.jpg",
    "LG Fridge": "https://www.lg.com/in/images/refrigerators/md07529192/gallery/GR-X31FMQHL-Refrigerators-Food-Front-Light-On-D-01.jpg",
    "Whirlpool Washing Machine": "https://whirlpoolindia.vtexassets.com/arquivos/ids/155677-800-auto?v=637774133750670000&width=800&height=auto&aspect=true",
    "Godrej Interio Sofa": "https://www.ulcdn.net/images/products/362904/original/FNSF51RULG3_-_main_1.jpg?1627746375",
    "Apple Iphone": "https://store.storeimages.cdn-apple.com/4982/as-images.apple.com/is/iphone-13-pro-blue-select?wid=940&hei=1112&fmt=png-alpha&.v=1645552346275",
    "Apple Airpods": "https://store.storeimages.cdn-apple.com/4668/as-images.apple.com/is/MME73?wid=1144&hei=1144&fmt=jpeg&qlt=90&.v=1632861342000",
    "JBL Earbuds": "https://www.reliancedigital.in/medias/JBL-C105-Headphones-and-Headsets-492403793-i-1-1200Wx1200H?context=bWFzdGVyfGltYWdlc3wxNjYwMzV8aW1hZ2UvanBlZ3xpbWFnZXMvaDYzL2gwZS85NjQyNDQ5MzcxMTY2LmpwZ3w2MzkzOTJlZGQyOWUzOGQwYmU5M2I2MTdjM2MyOTY5ODJlYmNlNDYwNjA5NDI5ZmI2N2E2ZWVhZDFiMjQ4MDE0",
    "Haldirams Bhujia": "https://www.govkarts.com/wp-content/uploads/2021/02/125a-7.jpg",
    "Haldirams Dal Makhni": "https://5.imimg.com/data5/SELLER/Default/2020/10/GX/TE/KI/116660276/haldiram-s-ready-to-eat-dal-makhani-500x500.jpg",
    "Haldirams Dal Tadka": "https://kibsecomimgstore.blob.core.windows.net/products/detail/pulyeinhr300l1_490721.jpg",
    "Haldirams Dal Biji": "https://www.bigbasket.com/media/uploads/p/xxl/70000796_2-haldirams-namkeen-dal-biji-del.jpg",
    "Samsung Galaxy S10": "https://www.pngkey.com/png/full/943-9431425_samsung-galaxy-s10-samsung-galaxy-s10-plus.png",
    "Samsung Galaxy S20": "https://pngset.com/images/samsung-galaxy-s20-samsung-galaxy-s20-plus-grey-mobile-phone-electronics-cell-phone-iphone-transparent-png-2889131.png",
    "Samsung Galaxy S21": "https://img.global.news.samsung.com/in/wp-content/uploads/2022/01/SM-G990_S21FE_BackFront_LV.png",
    "Apple Macbook Pro": "https://w7.pngwing.com/pngs/918/793/png-transparent-macbook-pro-13-inch-macbook-air-laptop-macbook-gadget-electronics-laptop.png",
    "Apple Macbook Air": "https://support.apple.com/library/APPLE/APPLECARE_ALLGEOS/SP825/macbookair.png",
    "JBL Earphones": "https://img.favpng.com/16/1/0/microphone-jbl-c100si-headphones-sound-png-favpng-9dNPUGJDfXUZR5hfQN8JsHQAP.jpg",
    "Levis Jeans": "https://mpng.subpng.com/20180502/vqw/kisspng-carpenter-jeans-denim-levi-s-501-levi-strauss-co-levis-5ae974088396d9.725813591525249032539.jpg",
    "Levis Innerwear": "https://www.worldshop.eu/medias/sys_master/h33/h45/8895148752926.png",
    "Jockey Boxers": "https://www.vhv.rs/dpng/d/502-5024391_boxers-for-men-png-transparent-png.png",
    "Rupa Vest": "https://m.media-amazon.com/images/I/819wkxIlaaL._UL1500_.jpg",
    "Rupa Trouser": "https://www.pngall.com/wp-content/uploads/2016/09/Trouser-Free-PNG-Image.png",
    "Nike Mask": "https://prod-img.thesouledstore.com/public/theSoul/uploads/catalog/product/1622555122_1656466.jpg?w=400&dpr=2.0",
    "Adidas Deodorant": "https://pngset.com/images/uefa-champions-league-arena-edition-deodorant-body-adidas-deo-champions-league-mobile-phone-electronics-cell-phone-tin-transparent-png-1121549.png",
    "Parachute Hair Oil": "https://m.media-amazon.com/images/I/61cQBK8m9oL._SL1500_.jpg",
    "Lakme Eyeliner": "https://e7.pngegg.com/pngimages/330/403/png-clipart-eye-liner-la-privacy-policy-http-cookie-liquid-eyeliner-miscellaneous-cosmetics-thumbnail.png",
    "Mylab Coviself": "https://bsmedia.business-standard.com/_media/bs/img/article/2021-05/20/full/1621488229-4513.png?im=Resize,width=1200",
    "Dabur Tulsi Drops": "https://m.media-amazon.com/images/I/711BtjiDpxL.jpg",
    "Lifebuoy Soap": "https://e7.pngegg.com/pngimages/665/104/png-clipart-lifebuoy-total-10-soap-lifebuoy-total-10-soap-lifebuoy-total-10-handwash-lifebuoy-soap-lifebuoy-thumbnail.png",
    "Thumbs Up Thumbs Up": "https://www.apni-shop.com/wp-content/uploads/2021/09/thumsup-Apni-shop.png",
    "Coca-Cola Limca": "https://swagatgrocery.com/wp-content/uploads/2020/12/limca.png",
    "Nestle Ice Tea": "https://toppng.com/uploads/preview/iced-tea-11526028314ghtlhv4fxz.png",
    "Kinley Soda": "https://www.madbananas.in/wp-content/uploads/2017/11/kinley-soda-v-125-ltr.png",
    "Lays Chips": "https://toppng.com/uploads/preview/lays-potato-chips-115283313016st1za9irp.png",
    "Kurkure Chips": "https://www.pngfind.com/pngs/m/147-1473567_kurkure-chips-chutney-chaska-112-gm-kurkure-red.png",
    "Nike Headband": "https://mpng.subpng.com/20180913/lqh/kisspng-headband-nike-swoosh-jumpman-clothing-accessories-5b9abb13e65963.8373847015368670919435.jpg",
    "Yonex Badminton Racket": "https://i.pinimg.com/originals/5c/d8/ff/5cd8ffe75b3b010797da9253acee9328.png",
    "Wilson Tennis Racket": "https://www.pngfind.com/pngs/m/62-628877_tennis-racket-png-transparent-image-wilson-blade-104.png",
    "Wilson Tennis Ball": "https://www.pngfind.com/pngs/m/46-469084_tennis-balls-wilson-tennis-ball-hd-png-download.png",
    "Head Squash Racket": "https://www.seekpng.com/png/full/108-1083923_head-graphene-racquet-harrow-spark-squash-racquet.png",
    "Pigeon Kettle": "https://juspaid.com/PermaImages/Thumbs/1276-800x800.jpg",
    "Pigeon Sandwich Maker": "https://www.pikpng.com/pngl/m/160-1601230_sandwich-maker-toster-3-u-1-clipart.png",
    "Bajaj Mixer": "https://media.croma.com/image/upload/v1605257572/Croma%20Assets/Small%20Appliances/Food%20Processors/Images/8984911020062.png",
    "Philips Toaster": "https://images.philips.com/is/image/philipsconsumer/2e2b59297e8545219843ad1f0128b1d2?$jpglarge$&wid=960",
    "Philips Grinder": "https://www.philips.co.in/c-dam/b2c/en_IN/marketing-catalog/kitchen-and-household/food-preparation-and-cooking/super-silent-mixer-grinder-product-image.png",
    "Philips Hand Blender": "https://m.media-amazon.com/images/I/41-5nd-r6bL._SL1000_.jpg",
    "Philips Hair Straightener": "https://m.media-amazon.com/images/I/61ld6tdVq-S._SX679_.jpg",
    "Philips Hair Dryer": "https://m.media-amazon.com/images/I/51FGbb3EbgL._SX679_.jpg",
    "Philips Hair Curler": "https://images.philips.com/is/image/PhilipsConsumer/HP8600_60-IMS-en_IN?$jpglarge$&wid=1250",
    "Bajaj Soundproof Petrol Generator": "https://5.imimg.com/data5/KF/LH/ZU/SELLER-103053068/5kw-soundproof-bajaj-m-ultra-compact-petrol-generator-set-500x500.jpg",
    "Bajaj Low Noise Diesel Generator": "https://5.imimg.com/data5/YU/XA/TF/SELLER-103053068/10-kw-low-noise-bajaj-m-diesel-generator-1000x1000.jpg",
    "Cosco Football": "https://m.media-amazon.com/images/I/71Rmojb2D6L._SL1000_.jpg",
    "Cosco Tennis Ball (Pack of 6)": "https://m.media-amazon.com/images/I/81LgEbaS+sL._SL1500_.jpg",
    "Cosco Basketball": "https://www.cosco.in/uploads/products/main_image/bb-challenge_53818586050.jpg",
    "Cosco Inline Skates": "https://rukminim2.flixcart.com/image/832/832/jxz0brk0/skate/n/8/j/39-speed-new-edition-2019-1-speed-new-edition-2019-in-line-cosco-original-imafavnyyycqh7mu.jpeg?q=70",
    "ITC Godihittu Whole Wheat 10 kg": "https://www.bigbasket.com/media/uploads/p/l/126906_7-aashirvaad-atta-whole-wheat.jpg",
    "ITC Aashirvaad Atta with Multi Grains": "https://m.media-amazon.com/images/I/81ZZDWDpXqL._SX679_.jpg",
    "ITC Fortified Chakki Atta": "https://www.aashirvaad.com/img/fortified/Fortified_FOP.png",
    "ITC Aashirvaad Sugar Release Control Atta": "https://www.aashirvaad.com/img/src/SRC_FOP.png",
    "ITC Whole Wheat Flour Atta": "https://cdn.shopify.com/s/files/1/0586/2991/4773/products/image_ce29c31b-509b-4984-b134-0b0dbb7c0daf_800x.png?v=1633832361",
    "ITC Aashirvaad Select Premium Sharbati Atta, 5kg": "https://m.media-amazon.com/images/I/818BB562vQL._SL1500_.jpg",
    "ITC Aashirvaad Select Superior Sharbati Whole Wheat Atta - 5 kg": "https://d2gxays8f387d8.cloudfront.net/prodstore/productimg/aashirvaad_select_superior_sharbati_whole_wheat_atta_5kg_f.jpg",
    "ITC Chana Dal": "https://www.aashirvaad.com/img/nsfo/prod-1.png",
    "ITC Bingo Cream and Onion": "https://www.jiomart.com/images/product/600x600/491551828/bingo-yumitos-cream-onion-potato-chips-130-g-product-images-o491551828-p491551828-0-202203170732.jpg",
    "ITC Bingo Masala": "https://www.bigbasket.com/media/uploads/p/l/294277_9-bingo-potato-chips-masala.jpg",
    "ITC Bingo Chilli Sprinkled": "https://www.jiomart.com/images/product/600x600/491184311/bingo-chilli-sprinkled-chips-28-g-pouch-product-images-o491184311-p491184311-0-202203151133.jpg",
    "ITC Bingo Salted": "https://cdn.shopify.com/s/files/1/0173/7644/4470/products/B01GCDXNXO.Main_914bcf75-f64a-4988-858c-f4b5a31878a1_grande.jpg?v=1625670562",
    "ITC Bingo Salt Sprinkled": "https://www.jiomart.com/images/product/600x600/491551826/bingo-yumitos-salt-sprinkled-potato-chips-100-g-product-images-o491551826-p491551826-2-202203151614.jpg",
    "ITC Mad Angles Tomato Madness": "https://rukminim2.flixcart.com/image/416/416/kpbipow0/chips/a/n/f/mad-angles-tomato-madness-bingo-original-imag3ks6zmmzackg.jpeg?q=70",
    "ITC Mad Angles Masala Madness": "https://encrypted-tbn0.gstatic.com/images?q=tbn:ANd9GcSe5tD2feHlt8Den6ER9nyEZrexDKFGWi1idg&usqp=CAU",
    "ITC Mad Angles Chaat Masti": "https://m.media-amazon.com/images/I/81TwxmEL7ML._SX522_.jpg",
    "ITC Mad Angles Very Peri Peri": "https://www.jiomart.com/images/product/original/491551830/bingo-peri-peri-mad-angles-130-g-product-images-o491551830-p491551830-0-202203150713.jpg",
    "ITC Mad Angles Achaari Masti": "https://5.imimg.com/data5/SELLER/Default/2021/4/GS/FC/NZ/42561548/mad-angles-namkeen-500x500.jpg",
    "ITC Mad Angles Pizza Aaaah": "https://5.imimg.com/data5/SELLER/Default/2021/5/KI/ZR/OQ/42561548/bingo-mad-angles-chips-500x500.jpg",
    "ITC Mad Angles Mmmmm Masala": "https://www.modstore.in/media/catalog/product/cache/1/image/1000x1231/17f82f742ffe127f42dca9de82fb58b1/0/4/04.png",
    "ITC Mad Angles Cheese Nachos": "https://m.media-amazon.com/images/I/612ALt-356L._SL1230_.jpg",
    "ITC Mad Angles Tomato Mischief": "https://storage.googleapis.com/shy-pub/43443/1623929113997_SKU-0009_0.jpg",
    "ITC Mad Angles Chilli Dhamaka": "https://encrypted-tbn0.gstatic.com/images?q=tbn:ANd9GcRPV32hZvVAx5ZilUSa32AZ-aFsm_M670ttbA&usqp=CAU",
    "ITC Tangles Masala Cheese": "https://miro.medium.com/max/1400/0*f9dlDUCISLVEFUFG.",
    "ITC Salted Tangle": "http://www.kirana.store/image/cache/catalog/NEW/T4-500x500.png",
    "ITC Savlon Disinfectant": "https://www.itcportal.com/brands-microsite/images/savlon/savlon-packshot01-big-v2.png",
    "ITC Savlon Handwash": "https://www.itcportal.com/brands-microsite/images/savlon/savlon-packshot03-big.png",
    "ITC Savlon Soap": "https://www.savlon.in/images/files/415x515px_Gly-soap.jpg",
    "ITC Savlon Mask": "https://www.itcportal.com/brands-microsite/images/savlon/savlonl-mask.png",
    "Reckitt Lizol Liquid": "https://m.media-amazon.com/images/I/51ov1Lo6UdL._SL1000_.jpg",
    "Reckitt Harpic": "https://m.media-amazon.com/images/I/51KMareLaSL._SL1000_.jpg",
    "Reckitt Mortein Powergard": "https://5.imimg.com/data5/VP/GQ/MD/SELLER-88537398/mortein-mosquito-killer-spray-500x500.png",
    "Reckitt Mortein Powergard Coil": "https://www.bigbasket.com/media/uploads/p/xxl/40073754_2-mortein-mosquito-repellent-pleasant-fragrance-100-protection-from-dengue.jpg",
    "Reckitt Mortein Machine": "https://www.jiomart.com/images/product/original/491210020/mortein-insta-mosquito-repellent-machine-refill-45-ml-product-images-o491210020-p491210020-0-202203170317.jpg",
    "Rasper Pen Stand": "https://m.media-amazon.com/images/I/61QxUEZ4dJL._SL1500_.jpg",
    "Rasper Acrylic Writing Desk": "https://m.media-amazon.com/images/I/61CzVmi9qAL._SX679_.jpg",
    "Rasper Acrylic Paper Weight": "https://m.media-amazon.com/images/I/61fdBM14ueL._SX679_.jpg",
    "Rasper Leather Writing Desk": "https://m.media-amazon.com/images/I/61MokxyCGyS._SX679_.jpg",
    "Beiersdorf Hansaplast Regular Bandage": "https://rukminim1.flixcart.com/image/416/416/kuczmvk0/first-aid-tape/p/4/x/regular-bandage-100-adhesive-hansaplast-original-imag7hw5fpa5xhnq.jpeg?q=70",
    "Beiersdorf Hansaplast Crepe Bandage": "https://m.media-amazon.com/images/I/61Eg8esORlL._SL1080_.jpg",
    "Beiersdorf Hansaplast Self Adhesive Bandage": "https://cdn.sportshop.com/catalog/product/580/580/h/a/hansaplast-48704.jpg",
    "Beiersdorf Hansaplast Wound Spray": "https://images-2.hansaplast.com/~/media/hansaplast/international/brand-relaunch-2020/packshots/wound-care/wound-spray/48389_hansaplast_wound_spray_1380x1140px.ashx",
    "Beiersdorf Hansaplast Corn Plaster": "https://m.media-amazon.com/images/I/61sY7q4V6nL._SL1080_.jpg",
    "Beiersdorf Hansaplast Lion Plaster": "https://m.media-amazon.com/images/I/51nK813dshL._SL1500_.jpg",
    "Beiersdorf Hansaplast Fixation Tape": "https://static.beautytocare.com/media/catalog/product/cache/global/image/650x650/85e4522595efc69f496374d01ef2bf13/h/a/hansaplast-med-classic-fixation-tape.jpg",
    "Beiersdorf Hansaplast Lion Heat Plaster": "https://www.jiomart.com/images/product/600x600/491089125/hansaplast-lion-heat-plaster-4-pcs-product-images-o491089125-p590149064-0-202203170158.jpg",
    "Beiersdorf Hansaplast Spiral Heat": "https://cdn.sportshop.com/catalog/product/580/580/h/a/hansaplast-48396.jpg",
    "Beiersdorf Hansaplast Junior Wound Care": "https://www.bigbasket.com/media/uploads/p/l/40079574_1-hansaplast-junior-wow-wound-care-plasterbandage.jpg",
    "Beiersdorf Hansaplast Fingertip Plaster": "https://www.carlroth.com/medias/0629-1-01-1000Wx1000H?context=bWFzdGVyfGltYWdlc3wxNzE3NzF8aW1hZ2UvanBlZ3xpbWFnZXMvaGJkL2hhMi84ODI1MDU0MTk5ODM4LmpwZ3xkMGFjZTU5OGVhOTA4OTZkMmQ2N2JiYmM4MTMxNGM1MjNmNGQwMTM2OTBjYTJhZDFmZDIyMzU0NTIwYzdjNmE2",
    "Beiersdorf Hansaplast Soft Plaster Roll": "https://www.hiberniamedical.ie/wp-content/uploads/2019/08/05323_1.png",
    "Beiersdorf Hansaplast Chhota Bheem Edition": "https://www.netmeds.com/images/product-v1/600x600/917274/hansaplast_chotta_bheem_friends_bandage_5s_0_0.jpg",
    "Staedtler Noris Gmbh Mars Lumograph 100G6 Soft Grades 8B HB Pencil": "https://m.media-amazon.com/images/I/81xAWOE5SWL._SX679_.jpg",
    "Staedtler Noris Gmbh Noris Club 320 NWP12 Fibre Tip Pen": "https://m.media-amazon.com/images/I/81GzpfBluXL._SX679_.jpg",
    "Staedtler Noris Gmbh Textsurfer Classic": "https://e.staedtlercdn.com/product-images/_processed_/c/d/csm_2205014_Productpicture_90e0bf01eb.jpeg",
    "Staedtler Noris Gmbh Jumbo Pencil": "https://e.staedtlercdn.com/product-images/_processed_/4/8/csm_2946720_Productpicture_3e61524d03.jpeg",
    "Staedtler Noris Gmbh Compass": "https://m.media-amazon.com/images/I/81Amtt5mQLL._SL1500_.jpg",
    "Staedtler Noris Gmbh Color Pencils": "https://asset.conrad.com/media10/isa/160267/c1/-/en/002249440PI00/image.jpg",
    "Staedtler Noris Gmbh Sharpner": "https://m.media-amazon.com/images/I/61h234PcKHL._SL1201_.jpg",
    "Staedtler Noris Gmbh Eraser": "https://m.media-amazon.com/images/I/41Aa8Ri7+hL._AC_SS450_.jpg",
    "Staedtler Noris Gmbh Mechanical Pencil": "https://rukminim2.flixcart.com/image/416/416/jn97frk0/pencil/v/e/a/mechanical-pencil-0-5mm-925-05-staedtler-original-imaf9ysh5yqvzjuq.jpeg?q=70",
    "Amul Helllllo": "https://www.alittlebitofspice.com/wp-content/uploads/2017/07/honey-chilli-potato-recipe-portrait.jpg"
}